"AVHI",11.79,"3/21/2016","4:00pm",-0.21,12.01,12.07,11.74,17879,12.00
"SHLM",25.86,"3/21/2016","4:00pm",+0.33,25.72,26.05,25.10,271907,25.53
"AHC",5.17,"3/21/2016","4:02pm",-0.16,5.22,5.30,5.10,36761,5.33
"ATEN",6.11,"3/21/2016","4:00pm",-0.02,6.09,6.18,6.07,197184,6.13
"AAC",20.25,"3/21/2016","4:02pm",+0.37,19.92,20.32,19.09,307640,19.88
"AAON",27.11,"3/21/2016","4:00pm",-0.05,27.00,27.51,26.61,221340,27.16
"AIR",22.21,"3/21/2016","4:02pm",-0.42,22.52,22.72,22.04,264438,22.63
"AAN",24.62,"3/21/2016","4:00pm",+0.30,24.29,24.80,24.09,441234,24.32
"ABAX",41.73,"3/21/2016","4:00pm",-0.27,41.96,42.03,41.66,107995,42.00
"ABB",19.24,"3/21/2016","4:02pm",-0.21,19.21,19.36,19.19,2730379,19.45
"ABT",40.76,"3/21/2016","4:00pm",-0.03,40.58,40.77,40.44,4054783,40.79
"ABBV",56.01,"3/21/2016","4:00pm",-0.56,56.52,56.78,55.73,6632920,56.57
"ABY",17.735,"3/21/2016","4:00pm",+0.145,17.620,17.990,17.436,234709,17.590
"ABGB",1.31,"3/21/2016","3:58pm",-0.02,1.39,1.39,1.24,54409,1.33
"ABEO",2.94,"3/21/2016","4:00pm",+0.04,2.88,2.98,2.83,45363,2.90
"ABEOW",0.67,"3/21/2016","3:49pm",-0.23,0.60,0.68,0.61,2171,0.90
"ANF",31.06,"3/21/2016","4:00pm",-0.64,31.70,31.93,31.05,1772837,31.70
"FAX",4.98,"3/21/2016","4:02pm",+0.00,4.98,4.98,4.94,812161,4.98
"IAF",5.49,"3/21/2016","4:00pm",-0.02,5.48,5.54,5.48,27798,5.51
"CH",5.99,"3/21/2016","4:02pm",+0.01,6.01,6.06,5.89,48188,5.98
"ABE",11.50,"3/21/2016","4:00pm",+0.00,11.40,11.57,11.40,6593,11.50
"FCO",8.42,"3/21/2016","4:00pm",+0.02,8.41,8.49,8.40,26935,8.40
"GCH",8.37,"3/21/2016","4:02pm",+0.02,8.35,8.96,8.34,13656,8.35
"IF",5.9937,"3/21/2016","4:00pm",+0.0037,6.0900,6.0900,5.9900,5468,5.9900
"ISL",16.9193,"3/21/2016","4:00pm",+0.1193,16.8256,16.9287,16.8000,2944,16.8000
"JEQ",7.3014,"3/21/2016","4:00pm",+0.0714,7.2500,7.3014,7.2400,3579,7.2300
"SGF",9.06,"3/21/2016","4:00pm",-0.02,9.05,9.10,8.93,16828,9.08
"ABIL",6.225,"3/21/2016","3:59pm",-0.155,6.350,6.350,5.900,11592,6.380
"ABILW",0.6899,"3/17/2016","3:25pm",+0.0000,0.5400,N/A,N/A,50,0.6899
"ABMD",88.88,"3/21/2016","4:00pm",+1.35,87.11,89.39,87.11,340536,87.53
"ABM",31.92,"3/21/2016","4:02pm",+0.09,31.79,31.99,31.59,320858,31.83
"AXAS",1.13,"3/21/2016","4:00pm",-0.02,1.13,1.18,1.11,613231,1.15
"ACTG",4.13,"3/21/2016","4:00pm",+0.30,3.84,4.21,3.75,1679441,3.83
"ACHC",52.80,"3/21/2016","4:00pm",+0.43,52.40,53.13,51.70,826068,52.37
"ACAD",21.53,"3/21/2016","4:00pm",+1.74,19.73,21.80,19.68,2925808,19.79
"AKR",34.02,"3/21/2016","4:02pm",-0.51,34.34,34.55,33.97,333228,34.53
"ACST",1.57,"3/21/2016","3:52pm",-0.06,N/A,1.57,1.51,1810,1.63
"AXDX",13.01,"3/21/2016","4:00pm",-0.16,13.12,13.41,13.00,227908,13.17
"XLRN",26.39,"3/21/2016","4:00pm",+1.08,25.21,27.16,24.82,341169,25.31
"ACN",108.16,"3/21/2016","4:01pm",+0.39,107.33,108.85,107.14,3472200,107.77
"ANCX",18.96,"3/21/2016","4:00pm",-0.26,19.10,19.52,18.87,10287,19.22
"ACCO",7.99,"3/21/2016","4:02pm",-0.16,8.13,8.21,7.95,417071,8.15
"ARAY",5.43,"3/21/2016","4:00pm",+0.05,5.38,5.58,5.34,577045,5.38
"ACW",1.77,"3/21/2016","4:02pm",+0.01,1.75,1.80,1.74,60725,1.76
"VXDN",8.18,"3/21/2016","2:49pm",+0.83,8.05,8.19,7.41,2212,7.35
"VXUP",7.7254,"3/17/2016","3:41pm",+0.0000,7.2000,N/A,N/A,72,7.7254
"ACRX",3.26,"3/21/2016","4:00pm",+0.18,3.10,3.31,3.10,410572,3.08
"ACET",21.58,"3/21/2016","4:00pm",-0.20,21.81,22.18,21.51,105996,21.78
"AKAO",3.37,"3/21/2016","4:00pm",+0.13,3.24,3.47,3.24,51373,3.24
"ACHN",7.23,"3/21/2016","4:00pm",-0.03,7.23,7.43,7.11,1218138,7.26
"ACIW",19.98,"3/21/2016","4:00pm",-0.04,19.92,20.20,19.83,525616,20.02
"ACRS",15.80,"3/21/2016","4:00pm",+0.09,15.42,16.01,15.42,28870,15.71
"ACU",15.60,"3/21/2016","4:03pm",-0.55,15.86,16.01,15.60,1583,16.15
"ACNB",22.42,"3/21/2016","3:58pm",+0.07,22.35,22.73,22.35,4239,22.35
"ACOR",25.93,"3/21/2016","4:00pm",-0.50,26.10,27.27,25.81,940044,26.43
"ATV",4.73,"3/21/2016","4:02pm",+0.12,4.51,4.86,4.42,14990,4.61
"AIII",1.55,"3/21/2016","4:00pm",+0.00,1.52,1.55,1.52,2798,1.55
"ATNM",2.23,"3/21/2016","4:02pm",+0.19,2.08,2.36,2.07,916901,2.04
"ACTS",1.43,"3/21/2016","3:58pm",+0.01,1.42,1.53,1.42,22692,1.42
"ACPW",0.96,"3/21/2016","4:00pm",+0.01,0.95,1.00,0.95,53475,0.95
"ATVI",32.04,"3/21/2016","4:00pm",-0.16,32.23,32.32,31.81,3060517,32.20
"ACTA",9.29,"3/21/2016","4:00pm",-0.11,9.40,9.54,9.27,127269,9.40
"ATU",24.42,"3/21/2016","4:02pm",+0.45,23.98,24.52,23.89,501869,23.97
"AYI",221.04,"3/21/2016","4:02pm",+0.80,220.24,221.09,218.62,459438,220.24
"ACUR",2.249,"3/21/2016","3:59pm",+0.099,2.160,2.290,2.120,20244,2.150
"ACXM",21.50,"3/21/2016","4:00pm",-0.28,21.69,21.73,21.18,444120,21.78
"ADMS",13.91,"3/21/2016","4:00pm",+1.27,12.63,14.44,12.57,526217,12.64
"ADMP",5.66,"3/21/2016","3:59pm",+0.19,5.42,5.69,5.39,66261,5.47
"ADX",12.55,"3/21/2016","4:02pm",+0.04,12.52,12.59,12.52,49402,12.51
"PEO",18.23,"3/21/2016","4:02pm",-0.07,18.32,18.38,18.20,82127,18.30
"AE",38.77,"3/21/2016","4:01pm",-0.33,40.01,40.01,38.30,5380,39.10
"ADAP",7.82,"3/21/2016","4:00pm",+0.21,7.48,8.35,7.48,154884,7.61
"ADK^A",N/A,N/A,N/A,N/A,N/A,N/A,N/A,N/A,N/A
"ADK",2.23,"3/21/2016","4:00pm",-0.07,2.29,2.29,2.20,13503,2.30
"ADUS",16.78,"3/21/2016","4:00pm",-0.33,17.30,17.53,16.64,58612,17.11
"AEY",1.94,"3/21/2016","3:59pm",-0.13,2.05,2.05,1.94,11378,2.07
"AGRO",12.57,"3/21/2016","4:05pm",+0.15,12.36,12.68,12.36,419372,12.42
"ADPT",56.60,"3/21/2016","4:00pm",+0.40,55.44,57.28,55.08,215174,56.20
"IOTS",5.79,"3/21/2016","3:59pm",-0.06,5.80,5.80,5.58,6016,5.85
"ADMA",5.98,"3/21/2016","4:00pm",+0.19,5.75,6.16,5.53,20679,5.79
"ADBE",92.50,"3/21/2016","4:00pm",-0.92,92.69,93.27,91.33,4657275,93.42
"ADT",41.06,"3/21/2016","4:00pm",-0.02,41.16,41.22,41.06,2348797,41.08
"ADTN",19.89,"3/21/2016","4:00pm",+0.29,19.54,19.93,19.54,282759,19.60
"ADRO",12.57,"3/21/2016","4:00pm",+0.60,12.00,13.49,12.00,541430,11.97
"AAP",158.61,"3/21/2016","4:02pm",+1.14,157.48,158.75,157.38,389585,157.47
"AAAP",37.70,"3/21/2016","4:00pm",-0.31,38.05,38.75,36.56,28293,38.01
"WMS",21.41,"3/21/2016","4:02pm",-0.69,22.10,22.42,21.34,187079,22.10
"AEIS",32.64,"3/21/2016","4:00pm",-0.16,32.62,32.88,31.78,197178,32.80
"AITPU",N/A,N/A,N/A,+0.00,N/A,N/A,N/A,0,N/A
"AMD",2.80,"3/21/2016","4:00pm",-0.13,2.90,2.90,2.75,13464942,2.93
"ASX",5.73,"3/21/2016","4:02pm",+0.04,5.69,5.74,5.66,508273,5.69
"AAV",5.40,"3/21/2016","4:02pm",-0.05,5.45,5.53,5.36,100057,5.45
"ATE",10.05,"3/21/2016","4:00pm",+0.03,9.92,10.05,9.92,11593,10.02
"ADXS",9.25,"3/21/2016","4:00pm",+1.01,8.50,9.60,8.32,1873084,8.24
"ADXSW",6.56,"3/21/2016","2:35pm",+0.80,6.50,6.60,6.15,18300,5.76
"AVK",13.26,"3/21/2016","4:02pm",+0.02,13.20,13.28,13.17,101040,13.24
"AGC",5.39,"3/21/2016","4:02pm",+0.03,5.33,5.39,5.30,107240,5.36
"LCM",8.13,"3/21/2016","4:02pm",+0.03,8.13,8.15,8.10,49965,8.10
"MAUI",23.69,"3/21/2016","3:56pm",-0.04,N/A,23.69,23.40,700,23.73
"YPRO",23.1945,"3/21/2016","3:06pm",+0.0344,N/A,23.1945,23.1945,168,23.1601
"ACM",31.00,"3/21/2016","4:00pm",-0.52,30.93,31.20,30.76,691815,31.52
"ANW",7.40,"3/21/2016","4:02pm",-0.22,7.57,7.60,7.27,218077,7.62
"AEGR",4.02,"3/21/2016","4:00pm",+0.10,3.88,4.19,3.85,1033180,3.92
"AEGN",20.94,"3/21/2016","4:00pm",+0.07,20.91,20.97,20.46,216513,20.87
"AEB",22.19,"3/21/2016","4:02pm",-0.06,22.18,22.20,22.13,15220,22.25
"AED",26.32,"3/21/2016","4:02pm",+0.13,26.46,26.46,26.26,29953,26.19
"AEG",5.75,"3/21/2016","4:04pm",-0.05,5.73,5.79,5.72,987025,5.80
"AEH",25.40,"3/21/2016","4:02pm",-0.05,25.35,25.48,25.33,35995,25.45
"AEK",27.07,"3/21/2016","4:02pm",-0.10,27.13,27.24,27.03,21579,27.17
"AEHR",1.1399,"3/21/2016","3:51pm",+0.0599,1.0800,1.1399,1.0899,6320,1.0800
"AMTX",2.07,"3/21/2016","3:34pm",-0.05,2.13,2.21,1.93,31306,2.12
"AEPI",67.08,"3/21/2016","4:00pm",+1.95,65.50,67.79,65.23,41525,65.13
"AER",38.57,"3/21/2016","4:02pm",+0.25,38.05,38.84,38.05,1202886,38.32
"AERI",12.07,"3/21/2016","4:00pm",-0.30,12.39,12.71,11.76,564479,12.37
"ACY",10.60,"3/21/2016","4:00pm",-0.35,10.73,10.88,10.26,4636,10.95
"HIVE",5.27,"3/21/2016","4:01pm",+0.00,5.28,5.33,5.25,98355,5.27
"AJRD",16.46,"3/21/2016","4:02pm",+0.06,16.40,16.68,16.33,194305,16.40
"ARO",0.2201,"3/21/2016","4:00pm",-0.0399,0.2550,0.2596,0.2200,4189116,0.2600
"AVAV",28.05,"3/21/2016","4:00pm",-0.13,28.21,28.32,28.01,87377,28.18
"AEZS",3.51,"3/21/2016","4:00pm",-0.07,3.63,3.75,3.51,109976,3.58
"AEMD",5.07,"3/21/2016","3:59pm",+0.08,5.04,5.33,5.04,9808,4.99
"AET",111.41,"3/21/2016","4:00pm",-1.20,112.07,112.78,110.83,1834105,112.61
"AMG",162.38,"3/21/2016","4:02pm",+2.38,161.00,163.07,158.28,693653,160.00
"MGR",26.18,"3/21/2016","4:00pm",+0.02,26.21,26.29,26.13,34856,26.16
"AFMD",3.87,"3/21/2016","4:00pm",-0.09,3.95,4.18,3.81,201864,3.96
"AFFX",14.40,"3/21/2016","4:00pm",-1.59,14.40,14.70,14.30,5855486,15.99
"AFL",63.28,"3/21/2016","4:02pm",-0.24,63.25,63.68,63.12,1506209,63.52
"AFSD",25.83,"3/21/2016","4:00pm",+0.04,25.79,25.93,25.79,26997,25.79
"MITT",12.82,"3/21/2016","4:02pm",-0.14,12.91,13.06,12.82,276420,12.96
"MITT^A",N/A,N/A,N/A,N/A,N/A,N/A,N/A,N/A,N/A
"MITT^B",N/A,N/A,N/A,N/A,N/A,N/A,N/A,N/A,N/A
"WGA",0.38,"3/18/2016","4:00pm",+0.00,N/A,N/A,N/A,0,0.38
"AGCO",52.08,"3/21/2016","4:02pm",-0.17,52.24,52.76,51.79,605005,52.25
"AGEN",4.09,"3/21/2016","4:00pm",+0.30,3.77,4.11,3.77,1325629,3.79
"AGRX",5.91,"3/21/2016","4:00pm",+0.12,5.76,5.95,5.70,26233,5.79
"A",39.65,"3/21/2016","4:02pm",-0.54,40.07,40.14,39.64,2172615,40.19
"AGYS",10.40,"3/21/2016","4:00pm",-0.19,10.52,10.64,10.39,33174,10.59
"AGIO",36.25,"3/21/2016","4:00pm",+0.15,35.78,37.72,35.25,765897,36.10
"GAS",64.33,"3/21/2016","4:01pm",-0.17,64.50,64.69,64.32,423556,64.50
"AEM",38.07,"3/21/2016","4:02pm",+0.08,37.81,38.44,37.38,1785870,37.99
"ADC",38.37,"3/21/2016","4:01pm",-0.17,38.57,38.86,38.27,145235,38.54
"GRO",1.01,"3/21/2016","3:56pm",+0.00,1.00,1.05,1.00,7407,1.01
"AGU",92.21,"3/21/2016","4:00pm",+0.19,91.92,92.94,91.49,835258,92.02
"AGFS",6.05,"3/21/2016","4:00pm",+0.05,6.02,6.21,5.86,80495,6.00
"AGFSW",0.93,"3/21/2016","10:11am",+0.01,0.57,0.93,0.55,500,0.92
"AIMT",14.81,"3/21/2016","4:00pm",+0.16,14.73,15.65,14.73,106164,14.65
"AIRI",5.91,"3/21/2016","4:02pm",+0.01,5.98,5.98,5.91,754,5.90
"AL",32.78,"3/21/2016","4:02pm",+0.00,32.62,33.01,32.40,512479,32.78
"AIRM",37.66,"3/21/2016","4:00pm",+0.60,37.05,38.19,37.05,430904,37.06
"APD",140.69,"3/21/2016","4:02pm",-0.90,141.26,141.86,139.73,1903284,141.59
"AIRT",26.03,"3/21/2016","11:18am",-0.59,26.29,26.29,25.80,1839,26.62
"ATSG",14.30,"3/21/2016","4:00pm",-0.26,14.56,14.92,14.19,639864,14.56
"AYR",21.99,"3/21/2016","4:00pm",-0.26,22.16,22.35,21.87,291468,22.25
"ARG",141.59,"3/21/2016","4:02pm",+0.02,141.63,141.65,141.40,271499,141.57
"AMCN",5.63,"3/21/2016","4:00pm",+0.01,5.61,5.64,5.57,317015,5.62
"AIXG",3.79,"3/21/2016","4:00pm",-0.07,3.79,3.85,3.77,7771,3.86
"AKS",4.28,"3/21/2016","4:00pm",+0.08,4.22,4.31,4.10,7011794,4.20
"AKAM",56.29,"3/21/2016","4:00pm",+0.34,55.85,56.36,55.69,1071877,55.95
"AKTX",14.18,"3/21/2016","3:35pm",+1.93,12.30,14.18,12.06,3348,12.25
"AKBA",8.72,"3/21/2016","4:00pm",+0.06,8.65,8.95,8.64,327527,8.66
"AKER",1.97,"3/21/2016","2:18pm",-0.03,1.97,2.04,1.90,5579,2.00
"AKRX",18.72,"3/21/2016","4:00pm",-0.13,18.80,19.75,18.52,2130026,18.85
"ALP^O",N/A,N/A,N/A,N/A,N/A,N/A,N/A,N/A,N/A
"ALG",57.19,"3/21/2016","4:00pm",-0.06,57.16,57.55,56.37,79561,57.25
"AGI",5.36,"3/21/2016","4:00pm",-0.05,5.39,5.62,5.28,1126141,5.41
"ALRM",21.73,"3/21/2016","4:00pm",-0.02,21.81,22.25,21.09,195121,21.75
"ALK",82.26,"3/21/2016","4:02pm",+0.23,82.28,82.59,81.91,1098314,82.03
"ALSK",1.63,"3/21/2016","4:00pm",-0.01,1.62,1.63,1.59,81400,1.64
"AIN",36.74,"3/21/2016","4:02pm",-1.30,37.89,38.20,36.03,157947,38.04
"AMRI",14.68,"3/21/2016","4:00pm",+0.34,14.28,14.80,14.28,112198,14.34
"ALB",61.64,"3/21/2016","4:00pm",+0.26,61.38,61.93,60.95,1155246,61.38
"ALU",N/A,N/A,N/A,N/A,N/A,N/A,N/A,N/A,N/A
"ABDC",10.98,"3/21/2016","4:00pm",+0.15,10.85,11.11,10.83,33746,10.83
"AA",9.89,"3/21/2016","4:00pm",-0.14,9.94,10.04,9.71,19104001,10.03
"AA^",N/A,N/A,N/A,N/A,N/A,N/A,N/A,N/A,N/A
"AA^B",N/A,N/A,N/A,N/A,N/A,N/A,N/A,N/A,N/A
"ADHD",4.08,"3/21/2016","4:00pm",+0.05,4.06,4.17,4.01,91402,4.03
"ALDR",17.81,"3/21/2016","4:00pm",-0.88,18.48,18.55,17.40,589940,18.69
"ALDX",4.49,"3/21/2016","4:00pm",+0.01,4.44,4.80,4.31,23678,4.48
"ALR",50.08,"3/21/2016","4:01pm",+0.18,49.97,50.13,49.64,861104,49.90
"ALR^B",N/A,N/A,N/A,N/A,N/A,N/A,N/A,N/A,N/A
"ALEX",36.35,"3/21/2016","4:02pm",-1.08,37.25,37.25,35.99,241840,37.43
"ALX",384.13,"3/21/2016","4:01pm",+2.51,383.29,385.99,382.00,1874,381.62
"ARE",88.00,"3/21/2016","4:02pm",-0.32,88.00,88.71,87.10,623517,88.32
"ARE^D",N/A,N/A,N/A,N/A,N/A,N/A,N/A,N/A,N/A
"ARE^E",N/A,N/A,N/A,N/A,N/A,N/A,N/A,N/A,N/A
"AXU",1.00,"3/21/2016","4:00pm",+0.14,0.86,1.00,0.85,774592,0.86
"ALXN",131.06,"3/21/2016","4:00pm",+2.61,128.38,131.80,128.07,1500609,128.45
"ALXA",0.56,"3/21/2016","3:59pm",+0.06,0.49,0.60,0.49,149156,0.50
"BABA",78.11,"3/21/2016","4:00pm",+1.86,77.09,79.68,76.94,15493420,76.25
"ALCO",28.78,"3/21/2016","4:00pm",+1.30,27.63,28.90,27.61,18295,27.48
"ALGN",68.80,"3/21/2016","4:00pm",-0.10,69.22,69.88,68.46,892530,68.90
"ALIM",1.78,"3/21/2016","4:00pm",-0.04,1.84,1.85,1.76,79119,1.82
"ALKS",30.71,"3/21/2016","4:00pm",+0.51,30.12,31.74,30.09,1575662,30.20
"Y",493.36,"3/21/2016","4:01pm",-3.79,495.29,497.14,489.40,59356,497.15
"ATI",17.54,"3/21/2016","4:02pm",+0.29,17.18,17.60,16.97,1649947,17.25
"ABTX",19.15,"3/21/2016","4:00pm",+0.72,18.50,19.40,18.32,29457,18.43
"ALGT",175.01,"3/21/2016","4:00pm",+1.91,172.53,175.59,172.12,143003,173.10
"ALLE",64.49,"3/21/2016","4:02pm",-0.07,64.26,64.74,63.97,701806,64.56
"AGN",274.33,"3/21/2016","4:00pm",+4.90,268.80,275.71,268.58,2570123,269.43
"AGN^A",N/A,N/A,N/A,N/A,N/A,N/A,N/A,N/A,N/A
"ALE",57.27,"3/21/2016","4:02pm",-0.28,57.25,57.56,56.34,188233,57.55
"AKP",14.64,"3/21/2016","4:02pm",+0.04,14.63,14.68,14.61,15237,14.60
"ADS",210.30,"3/21/2016","4:00pm",+1.60,209.08,212.01,207.32,629273,208.70
"AFOP",15.04,"3/21/2016","4:00pm",+0.87,14.41,15.29,14.31,388914,14.17
"AIQ",6.86,"3/21/2016","4:00pm",-0.10,6.90,7.16,6.82,21645,6.96
"AHGP",13.75,"3/21/2016","4:00pm",-0.72,14.47,14.69,13.41,150365,14.47
"AFB",14.25,"3/21/2016","4:00pm",+0.00,14.25,14.27,14.21,45194,14.25
"AOI",16.10,"3/21/2016","4:00pm",+0.07,16.15,16.50,16.00,25118,16.03
"ARLP",12.28,"3/21/2016","4:00pm",-0.60,12.85,12.92,12.00,359205,12.88
"AWF",11.75,"3/21/2016","4:02pm",+0.11,11.66,11.78,11.64,292194,11.64
"AB",22.87,"3/21/2016","4:02pm",-0.50,23.33,23.49,22.86,241640,23.37
"ACG",7.85,"3/21/2016","4:02pm",+0.03,7.80,7.85,7.80,472569,7.82
"LNT",71.99,"3/21/2016","4:02pm",-0.43,72.42,72.42,71.50,478737,72.42
"NCV",5.49,"3/21/2016","4:02pm",+0.02,5.47,5.50,5.46,200244,5.47
"NCZ",4.89,"3/21/2016","4:02pm",+0.01,4.90,4.91,4.87,149697,4.88
"ACV",17.67,"3/21/2016","4:00pm",+0.15,17.44,17.71,17.43,50329,17.52
"NIE",18.03,"3/21/2016","4:00pm",-0.02,18.04,18.05,17.95,93249,18.05
"NFJ",12.32,"3/21/2016","4:02pm",+0.07,12.21,12.34,12.21,213310,12.25
"AHPI",0.6899,"3/21/2016","3:59pm",+0.0180,0.7000,0.7100,0.6703,9676,0.6719
"AMOT",18.12,"3/21/2016","4:00pm",-0.27,18.21,18.68,18.04,87600,18.39
"AWH",36.00,"3/21/2016","4:02pm",+0.60,35.34,36.08,35.32,933655,35.40
"ALQA",0.89,"3/21/2016","4:00pm",+0.00,0.90,0.91,0.87,66208,0.89
"ALSN",26.58,"3/21/2016","4:02pm",+0.12,26.45,26.68,26.29,691911,26.46
"ALLT",4.98,"3/21/2016","4:00pm",+0.10,4.88,5.05,4.88,64032,4.88
"MDRX",12.63,"3/21/2016","4:00pm",-0.01,12.60,12.73,12.49,1798480,12.64
"ALL",66.84,"3/21/2016","4:01pm",-0.39,66.93,67.16,66.59,1258002,67.23
"ALL^A",N/A,N/A,N/A,N/A,N/A,N/A,N/A,N/A,N/A
"ALL^B",N/A,N/A,N/A,N/A,N/A,N/A,N/A,N/A,N/A
"ALL^C",N/A,N/A,N/A,N/A,N/A,N/A,N/A,N/A,N/A
"ALL^D",N/A,N/A,N/A,N/A,N/A,N/A,N/A,N/A,N/A
"ALL^E",N/A,N/A,N/A,N/A,N/A,N/A,N/A,N/A,N/A
"ALL^F",N/A,N/A,N/A,N/A,N/A,N/A,N/A,N/A,N/A
"ALLY",18.52,"3/21/2016","4:02pm",+0.04,18.44,18.70,18.34,1840929,18.48
"ALLY^A",N/A,N/A,N/A,N/A,N/A,N/A,N/A,N/A,N/A
"ALLY^B",N/A,N/A,N/A,N/A,N/A,N/A,N/A,N/A,N/A
"AAU",0.73,"3/21/2016","4:00pm",+0.00,0.70,0.74,0.70,162416,0.73
"AFAM",35.47,"3/21/2016","4:00pm",-0.21,35.58,36.09,35.32,57687,35.68
"ALNY",61.31,"3/21/2016","4:00pm",+1.51,59.57,62.99,58.56,794390,59.80
"BSI",3.19,"3/21/2016","4:00pm",+0.06,3.24,3.39,3.09,24432,3.13
"ALJ",11.08,"3/21/2016","4:02pm",-0.29,11.28,11.30,11.05,628900,11.37
"ALDW",13.65,"3/21/2016","4:02pm",-0.48,14.13,14.34,13.65,165409,14.13
"AOSL",11.01,"3/21/2016","4:00pm",+0.26,10.75,11.05,10.57,197371,10.75
"APT",1.83,"3/21/2016","4:01pm",+0.08,1.75,1.83,1.75,22961,1.75
"GOOG",742.09,"3/21/2016","4:00pm",+4.49,736.64,742.50,733.52,1836603,737.60
"GOOGL",762.16,"3/21/2016","4:00pm",+6.75,753.91,763.34,751.27,1438662,755.41
"SMCP",22.27,"3/21/2016","3:01pm",+0.81,N/A,22.33,22.27,3969,21.46
"ATEC",0.24,"3/21/2016","4:00pm",+0.01,0.25,0.25,0.23,78479,0.23
"AGD",8.41,"3/21/2016","4:00pm",+0.02,8.43,8.52,8.38,43324,8.39
"AWP",5.48,"3/21/2016","4:00pm",+0.04,5.46,5.48,5.43,126581,5.44
"AOD",7.44,"3/21/2016","4:00pm",-0.00,7.45,7.45,7.41,254864,7.44
"AAMC",14.09,"3/21/2016","4:00pm",-0.16,14.35,14.40,13.95,12268,14.25
"ASPS",24.51,"3/21/2016","4:00pm",+0.63,23.86,24.95,23.86,598305,23.88
"RESI",12.37,"3/21/2016","4:02pm",+0.31,12.00,12.56,11.93,1004873,12.06
"AIMC",27.33,"3/21/2016","4:00pm",+0.18,27.17,27.49,26.89,175953,27.15
"MO",61.72,"3/21/2016","4:00pm",+0.18,61.45,62.00,61.06,4124719,61.54
"ACH",8.66,"3/21/2016","4:02pm",-0.16,8.68,8.71,8.63,23991,8.82
"AMAG",21.69,"3/21/2016","4:00pm",+0.18,21.29,22.50,21.25,983611,21.51
"AMRN",1.52,"3/21/2016","4:00pm",+0.08,1.45,1.53,1.43,821382,1.44
"AMRK",20.84,"3/21/2016","4:00pm",-0.03,20.87,21.04,20.69,20765,20.87
"AYA",14.33,"3/21/2016","4:00pm",+0.02,14.30,14.59,14.19,92210,14.31
"AMZN",553.98,"3/21/2016","4:00pm",+1.90,548.91,555.24,538.58,5156600,552.08
"AMBC",16.44,"3/21/2016","4:00pm",-0.66,17.13,17.32,16.31,323390,17.10
"AMBCW",8.00,"3/21/2016","10:17am",+0.10,8.25,8.25,8.00,1512,7.90
"AMBA",39.15,"3/21/2016","4:00pm",-0.77,39.18,40.20,38.74,840969,39.92
"AMBR",5.43,"3/21/2016","4:00pm",-0.08,5.51,5.74,5.40,52264,5.51
"ABEV",5.14,"3/21/2016","4:00pm",+0.05,5.05,5.16,5.03,19933248,5.09
"AMC",28.85,"3/21/2016","4:01pm",-0.56,29.32,29.50,28.77,207747,29.41
"AMCX",64.98,"3/21/2016","4:00pm",-0.64,65.58,65.91,64.06,452158,65.62
"DIT",82.75,"3/18/2016","4:07pm",+0.00,N/A,N/A,N/A,14,82.75
"DOX",59.78,"3/21/2016","4:00pm",+0.06,59.34,59.85,57.28,693392,59.72
"AMFW",7.11,"3/21/2016","4:02pm",+0.01,7.13,7.20,7.04,582818,7.10
"AMDA",1.85,"3/21/2016","4:00pm",-0.11,1.97,1.99,1.80,554709,1.96
"AMED",43.21,"3/21/2016","4:00pm",-0.62,43.57,43.91,42.77,280681,43.83
"UHAL",347.92,"3/21/2016","4:00pm",+0.31,348.36,351.44,345.78,43541,347.61
"AEE",48.78,"3/21/2016","4:02pm",-0.20,48.89,49.08,48.16,1287797,48.98
"AMRC",5.06,"3/21/2016","4:02pm",+0.06,4.93,5.10,4.92,56566,5.00
"ATAX",5.26,"3/21/2016","4:00pm",+0.02,5.25,5.28,5.22,161208,5.24
"AMOV",15.02,"3/21/2016","4:00pm",+0.14,14.96,15.02,14.72,7138,14.88
"AMX",15.03,"3/21/2016","4:00pm",+0.04,15.01,15.10,14.78,1998596,14.99
"AAL",43.47,"3/21/2016","4:00pm",+0.03,43.32,43.78,43.28,4757375,43.44
"AAT",37.71,"3/21/2016","4:02pm",-0.62,38.09,38.10,37.51,170388,38.33
"AXL",15.21,"3/21/2016","4:02pm",-0.27,15.48,15.63,15.04,1243243,15.48
"ACC",45.74,"3/21/2016","4:02pm",-0.82,46.05,46.40,45.53,1113802,46.56
"AGNC",18.61,"3/21/2016","4:00pm",-0.02,18.60,18.74,18.53,2873605,18.63
"AGNCB",24.89,"3/21/2016","4:00pm",+0.20,24.65,24.90,24.46,186289,24.69
"AGNCP",26.05,"3/21/2016","3:57pm",+0.13,25.96,26.18,25.91,3175,25.92
"MTGE",14.68,"3/21/2016","4:00pm",+0.24,14.48,14.74,14.48,435731,14.44
"MTGEP",24.25,"3/21/2016","11:58am",-0.15,N/A,24.35,24.25,1072,24.40
"ACSF",9.51,"3/21/2016","4:00pm",-0.09,9.46,9.70,9.46,16251,9.60
"ACAS",15.02,"3/21/2016","4:00pm",+0.08,14.95,15.27,14.95,2370969,14.94
"GNOW",0.37,"3/21/2016","3:59pm",+0.06,0.31,0.50,0.30,144539,0.31
"ADGE",0.3178,"3/21/2016","4:00pm",+0.0178,0.3251,0.3300,0.3100,13143,0.3000
"AEO",16.56,"3/21/2016","4:04pm",-0.34,16.90,17.13,16.44,5079902,16.90
"AEP",64.80,"3/21/2016","4:01pm",+0.01,64.39,65.03,64.02,2291317,64.79
"AETI",2.36,"3/21/2016","3:56pm",-0.07,2.36,2.44,2.36,1852,2.43
"AEL",16.34,"3/21/2016","4:02pm",-0.20,16.46,16.71,16.09,1003246,16.54
"AXP",61.21,"3/21/2016","4:00pm",-0.01,60.99,61.38,60.85,3665654,61.22
"AFCO",6.13,"3/21/2016","4:01pm",+0.03,6.10,6.21,6.00,43608,6.10
"AFA",25.567,"3/21/2016","3:22pm",+0.016,25.600,25.600,25.503,5460,25.551
"AFG",70.68,"3/21/2016","4:02pm",+0.07,70.49,70.88,70.07,291899,70.61
"AFGE",26.48,"3/21/2016","4:00pm",+0.12,26.64,26.71,26.36,9624,26.36
"AFGH",25.34,"3/21/2016","4:02pm",-0.03,25.37,25.37,25.30,16149,25.37
"AFW",26.60,"3/21/2016","1:28pm",-0.06,26.55,26.60,26.48,1761,26.66
"AMH",15.68,"3/21/2016","4:02pm",-0.03,15.69,15.85,15.58,1254148,15.71
"AMH^A",N/A,N/A,N/A,N/A,N/A,N/A,N/A,N/A,N/A
"AMH^B",N/A,N/A,N/A,N/A,N/A,N/A,N/A,N/A,N/A
"AMH^C",N/A,N/A,N/A,N/A,N/A,N/A,N/A,N/A,N/A
"AMIC",18.70,"3/21/2016","4:00pm",-0.27,18.89,18.98,18.70,1632,18.98
"AIG",53.57,"3/21/2016","4:02pm",-0.14,53.48,54.02,53.17,4562106,53.71
"AIG.WS",N/A,N/A,N/A,N/A,N/A,N/A,N/A,N/A,N/A
"ALN",1.17,"3/21/2016","2:54pm",+0.02,1.16,1.18,1.16,6902,1.15
"AMID",6.79,"3/21/2016","4:02pm",-0.11,6.75,7.01,6.72,139851,6.90
"AMNB",25.06,"3/21/2016","4:00pm",-0.10,25.01,25.28,24.57,20097,25.16
"ANAT",114.23,"3/21/2016","4:00pm",+1.30,112.93,114.68,111.97,94829,112.93
"APEI",21.45,"3/21/2016","4:00pm",+0.36,21.00,21.71,20.99,96715,21.09
"ARII",44.02,"3/21/2016","4:00pm",+0.72,43.32,44.10,42.50,188205,43.30
"ARL",4.20,"3/21/2016","3:58pm",+0.04,4.21,4.29,4.20,5260,4.16
"ARPI",N/A,N/A,N/A,N/A,N/A,N/A,N/A,N/A,N/A
"AMRB",10.01,"3/21/2016","3:54pm",-0.18,10.20,10.20,10.01,6073,10.19
"ASEI",28.14,"3/21/2016","4:00pm",+0.57,27.42,28.20,27.37,70831,27.57
"AMS",1.8895,"3/21/2016","2:06pm",-0.0210,1.9000,1.9000,1.8895,1049,1.9105
"AMSWA",8.79,"3/21/2016","4:00pm",-0.03,8.78,8.95,8.69,44213,8.82
"AWR",38.98,"3/21/2016","4:02pm",-0.50,39.41,39.61,38.82,184357,39.48
"AMSC",7.72,"3/21/2016","4:00pm",+0.08,7.64,8.06,7.59,78737,7.64
"AMT",100.34,"3/21/2016","4:02pm",-0.17,100.01,100.66,99.76,1718109,100.51
"AMT^A",N/A,N/A,N/A,N/A,N/A,N/A,N/A,N/A,N/A
"AMT^B",N/A,N/A,N/A,N/A,N/A,N/A,N/A,N/A,N/A
"AVD",15.98,"3/21/2016","4:02pm",-0.03,16.03,16.15,15.77,214710,16.01
"AWK",67.55,"3/21/2016","4:04pm",-0.46,68.01,68.35,67.45,2151128,68.01
"AMWD",69.13,"3/21/2016","4:00pm",-3.36,72.52,72.78,68.79,171920,72.49
"CRMT",26.69,"3/21/2016","4:00pm",+0.27,26.28,26.89,26.28,50952,26.42
"APU",42.70,"3/21/2016","4:01pm",-0.25,42.91,43.05,42.50,192038,42.95
"AMP",94.14,"3/21/2016","4:03pm",-0.22,93.86,94.53,92.99,971283,94.36
"ABCB",29.11,"3/21/2016","4:00pm",-0.32,29.43,29.80,28.90,159613,29.43
"AMSF",51.20,"3/21/2016","4:00pm",-0.71,51.63,52.06,50.76,79055,51.91
"ASRV",3.03,"3/21/2016","3:57pm",+0.07,3.03,3.04,3.01,26481,2.96
"ASRVP",27.99,"3/21/2016","2:07pm",-0.07,N/A,27.99,27.99,100,28.06
"ABC",87.13,"3/21/2016","4:01pm",-0.35,87.58,87.84,86.80,1627142,87.48
"ATLO",24.83,"3/21/2016","4:00pm",-0.16,25.00,25.20,24.72,12462,24.99
"AMGN",147.01,"3/21/2016","4:00pm",+1.50,145.30,147.95,145.02,3177612,145.51
"FOLD",7.73,"3/21/2016","4:00pm",-0.13,7.82,8.39,7.64,2568757,7.86
"ANFI",10.70,"3/21/2016","4:04pm",+0.04,10.77,11.16,10.57,309683,10.66
"AMKR",5.72,"3/21/2016","4:00pm",+0.11,5.65,5.81,5.60,1214403,5.61
"AHS",32.28,"3/21/2016","4:01pm",-0.16,32.48,32.76,31.90,619060,32.44
"AP",12.87,"3/21/2016","4:02pm",+0.23,12.59,13.15,12.50,35164,12.64
"AMPH",11.94,"3/21/2016","4:00pm",+0.30,11.62,12.13,11.53,237221,11.64
"APH",57.19,"3/21/2016","4:00pm",-0.45,57.59,57.64,57.00,1268626,57.64
"AMPE",2.22,"3/21/2016","4:02pm",+0.10,2.14,2.29,2.14,126362,2.12
"BETR",13.03,"3/21/2016","4:00pm",+0.05,13.03,13.14,12.91,559374,12.98
"APHB",4.62,"3/21/2016","4:00pm",+0.42,4.27,4.62,4.21,16227,4.20
"AXR",4.17,"3/21/2016","4:00pm",-0.03,4.30,4.30,4.17,2304,4.20
"AMSG",70.83,"3/21/2016","4:00pm",+0.38,70.11,71.51,69.62,540798,70.45
"AMSGP",135.30,"3/18/2016","10:52am",+0.00,133.75,N/A,N/A,40,135.30
"ASYS",7.59,"3/21/2016","4:00pm",+0.62,7.00,7.83,7.00,69412,6.97
"AME",49.90,"3/21/2016","4:02pm",-0.26,50.15,50.29,49.57,800031,50.16
"AFSI",26.03,"3/21/2016","4:00pm",+0.22,25.76,26.42,25.69,970598,25.81
"AFSI^A",N/A,N/A,N/A,N/A,N/A,N/A,N/A,N/A,N/A
"AFSI^B",N/A,N/A,N/A,N/A,N/A,N/A,N/A,N/A,N/A
"AFSI^C",N/A,N/A,N/A,N/A,N/A,N/A,N/A,N/A,N/A
"AFSI^D",N/A,N/A,N/A,N/A,N/A,N/A,N/A,N/A,N/A
"AFSS",24.6299,"3/21/2016","4:00pm",+0.0611,24.5900,24.6300,24.5700,9886,24.5688
"AFST",25.01,"3/21/2016","4:00pm",-0.04,25.09,25.09,25.01,18014,25.05
"AMRS",1.14,"3/21/2016","4:00pm",-0.06,1.18,1.18,1.12,317250,1.20
"ANAC",59.53,"3/21/2016","4:00pm",+1.60,57.42,61.33,57.42,594656,57.93
"AEUA",32.60,"3/21/2016","4:00pm",-0.10,32.57,32.91,32.01,5388,32.70
"APC",48.61,"3/21/2016","4:00pm",-0.15,48.83,49.14,47.08,5803845,48.76
"ANAD",0.8491,"3/15/2016","3:59pm",+0.0000,N/A,N/A,N/A,0,0.8491
"ADI",58.85,"3/21/2016","4:00pm",-0.16,58.76,58.98,58.15,2575087,59.01
"ALOG",77.30,"3/21/2016","4:00pm",+1.07,75.86,78.19,75.72,122952,76.23
"AVXL",4.79,"3/21/2016","4:00pm",-0.13,4.92,5.05,4.72,423183,4.92
"ANCB",23.50,"3/21/2016","11:51am",-0.08,23.50,23.50,23.46,2213,23.58
"ABCW",44.01,"3/21/2016","4:00pm",-0.28,44.25,44.38,43.88,28497,44.29
"ANDA",9.67,"3/21/2016","11:53am",+0.03,9.61,9.67,9.66,1202,9.64
"ANDAR",0.2095,"3/18/2016","11:08am",+0.0000,N/A,N/A,N/A,0,0.2095
"ANDAU",9.9799,"3/21/2016","12:43pm",+0.1299,9.9300,9.9800,9.9300,6394,9.8500
"ANDAW",0.1101,"3/18/2016","11:09am",+0.0000,N/A,N/A,N/A,0,0.1101
"ANGI",8.07,"3/21/2016","4:00pm",-0.22,8.29,8.38,8.01,213147,8.29
"ANGO",11.62,"3/21/2016","4:00pm",+0.24,11.35,11.73,11.35,63979,11.38
"AU",13.44,"3/21/2016","4:00pm",-0.14,13.46,13.68,13.26,4804885,13.58
"BUD",120.76,"3/21/2016","4:01pm",-0.79,120.32,121.18,120.32,1155557,121.55
"ANIP",33.25,"3/21/2016","4:00pm",+1.21,31.80,34.10,31.80,227748,32.04
"ANIK",44.43,"3/21/2016","4:00pm",+0.68,43.68,44.71,43.58,186196,43.75
"AXE",49.94,"3/21/2016","4:02pm",-0.69,50.43,50.54,48.92,322989,50.63
"NLY",10.44,"3/21/2016","4:02pm",+0.03,10.41,10.48,10.41,6191875,10.41
"NLY^A",N/A,N/A,N/A,N/A,N/A,N/A,N/A,N/A,N/A
"NLY^C",N/A,N/A,N/A,N/A,N/A,N/A,N/A,N/A,N/A
"NLY^D",N/A,N/A,N/A,N/A,N/A,N/A,N/A,N/A,N/A
"ANSS",87.52,"3/21/2016","4:00pm",-0.15,87.55,88.40,87.30,282931,87.67
"ATRS",0.7991,"3/21/2016","4:00pm",+0.0692,0.7500,0.8187,0.7440,1654309,0.7299
"AM",25.90,"3/21/2016","4:04pm",+0.43,25.06,26.92,24.70,329743,25.47
"AR",26.02,"3/21/2016","4:02pm",+1.27,24.68,26.18,24.55,3020475,24.75
"ANTM",140.00,"3/21/2016","4:00pm",-2.68,142.03,142.35,138.48,1217458,142.68
"ANTX",46.89,"3/21/2016","4:00pm",-0.75,47.84,47.84,46.77,157404,47.64
"ANTH",3.67,"3/21/2016","4:00pm",-0.13,3.78,3.98,3.65,472917,3.80
"ANH",4.80,"3/21/2016","4:00pm",+0.04,4.77,4.81,4.75,455776,4.76
"ANH^A",N/A,N/A,N/A,N/A,N/A,N/A,N/A,N/A,N/A
"ANH^B",N/A,N/A,N/A,N/A,N/A,N/A,N/A,N/A,N/A
"ANH^C",N/A,N/A,N/A,N/A,N/A,N/A,N/A,N/A,N/A
"AON",101.59,"3/21/2016","4:02pm",+0.12,100.93,101.86,100.93,2093501,101.47
"ABAC",0.65,"3/21/2016","3:42pm",-0.00,0.69,0.66,0.56,2275,0.65
"AXN",0.703,"3/21/2016","4:00pm",+0.003,0.700,0.720,0.700,81691,0.700
"APA",49.88,"3/21/2016","4:01pm",+0.25,49.27,50.75,48.74,3401838,49.63
"AIV",40.26,"3/21/2016","4:00pm",+0.00,40.19,40.53,40.11,1000852,40.26
"AIV^A",N/A,N/A,N/A,N/A,N/A,N/A,N/A,N/A,N/A
"AIV^Z",N/A,N/A,N/A,N/A,N/A,N/A,N/A,N/A,N/A
"ATNY",1.96,"3/21/2016","4:00pm",+0.01,1.96,1.96,1.95,94310,1.95
"APIC",7.98,"3/21/2016","4:00pm",-0.07,8.01,8.09,7.76,155819,8.05
"APOG",44.26,"3/21/2016","4:00pm",+0.08,44.01,44.45,43.36,264477,44.18
"ARI",16.59,"3/21/2016","4:02pm",+0.31,16.33,16.79,16.28,1275848,16.28
"ARI^A",N/A,N/A,N/A,N/A,N/A,N/A,N/A,N/A,N/A
"APOL",8.41,"3/21/2016","4:00pm",+0.03,8.35,8.43,8.23,751745,8.38
"APO",17.08,"3/21/2016","4:02pm",-0.07,17.13,17.17,16.82,437668,17.15
"AIB",25.39,"3/21/2016","4:00pm",+0.09,25.32,25.43,25.32,14378,25.30
"AINV",5.57,"3/21/2016","4:00pm",+0.04,5.50,5.58,5.44,829323,5.53
"AIY",25.77,"3/21/2016","4:00pm",+0.31,25.36,25.83,25.25,34098,25.46
"AMTG",13.53,"3/21/2016","4:02pm",+0.24,13.30,13.70,13.30,482127,13.29
"AMTG^A",N/A,N/A,N/A,N/A,N/A,N/A,N/A,N/A,N/A
"AFT",15.17,"3/21/2016","4:02pm",+0.02,15.17,15.17,15.11,28483,15.15
"AIF",13.50,"3/21/2016","4:02pm",+0.09,13.43,13.57,13.36,38724,13.41
"APPF",11.79,"3/21/2016","4:00pm",-0.33,12.26,12.29,11.75,33862,12.12
"APLE",19.60,"3/21/2016","4:03pm",+0.04,19.52,19.82,19.17,810697,19.56
"AAPL",105.91,"3/21/2016","4:00pm",-0.01,106.00,107.65,105.14,35508673,105.92
"ARCI",1.00,"3/21/2016","3:55pm",-0.03,1.03,1.00,1.00,406,1.03
"APDN",3.57,"3/21/2016","4:00pm",+0.19,3.37,3.63,3.31,236698,3.38
"APDNW",1.70,"3/21/2016","3:53pm",+0.15,1.54,1.79,1.54,49646,1.55
"AGTC",14.37,"3/21/2016","4:00pm",+0.62,13.59,14.47,13.59,179896,13.75
"AIT",42.04,"3/21/2016","4:02pm",+0.49,41.56,42.09,41.25,197072,41.55
"AMAT",20.73,"3/21/2016","4:00pm",+0.24,20.46,20.90,20.35,13961016,20.49
"AMCC",6.41,"3/21/2016","4:00pm",-0.07,6.44,6.49,6.16,430269,6.48
"AAOI",17.46,"3/21/2016","4:00pm",-0.10,17.53,17.91,17.45,159976,17.56
"AREX",1.55,"3/21/2016","4:00pm",-0.01,1.52,1.60,1.45,341648,1.56
"APRI",1.13,"3/21/2016","3:59pm",+0.07,1.09,1.17,1.07,188629,1.06
"ATR",77.38,"3/21/2016","4:02pm",+0.49,76.99,77.99,76.82,212040,76.89
"APTO",2.75,"3/21/2016","4:00pm",+0.10,2.74,2.76,2.66,6828,2.65
"WTR",31.46,"3/21/2016","4:02pm",-0.04,31.51,31.68,31.22,792815,31.50
"AQMS",6.01,"3/21/2016","4:00pm",-0.08,6.14,6.26,5.98,30352,6.09
"AQXP",8.81,"3/21/2016","4:00pm",+0.49,8.33,9.30,8.33,407108,8.32
"AUMA",9.84,"3/21/2016","1:47pm",+0.01,9.84,9.84,9.84,103,9.83
"AUMAU",9.87,"3/21/2016","4:00pm",-0.02,9.88,9.90,9.85,55700,9.89
"AUMAW",0.0671,"3/15/2016","11:26am",+0.0000,N/A,N/A,N/A,0,0.0671
"ARDM",4.06,"3/21/2016","3:59pm",+0.02,4.02,4.22,4.06,13124,4.04
"ARLZ",3.99,"3/21/2016","4:00pm",+0.27,3.66,4.06,3.60,784952,3.72
"ARMK",32.37,"3/21/2016","4:02pm",+0.23,32.15,32.57,31.89,910999,32.14
"PETX",5.19,"3/21/2016","4:00pm",+0.68,4.45,6.17,4.43,2971484,4.51
"ABR",6.82,"3/21/2016","4:02pm",+0.10,6.72,6.83,6.66,89076,6.72
"ABR^A",N/A,N/A,N/A,N/A,N/A,N/A,N/A,N/A,N/A
"ABR^B",N/A,N/A,N/A,N/A,N/A,N/A,N/A,N/A,N/A
"ABR^C",N/A,N/A,N/A,N/A,N/A,N/A,N/A,N/A,N/A
"ABRN",24.5195,"3/21/2016","3:21pm",+0.1994,24.2600,24.5195,24.2500,44160,24.3201
"ABUS",4.13,"3/21/2016","4:00pm",+0.17,3.98,4.30,3.98,263407,3.96
"ARC",4.17,"3/21/2016","4:00pm",+0.17,3.96,4.23,3.96,429137,4.00
"ARCW",2.76,"3/21/2016","4:00pm",+0.18,2.70,2.83,2.64,134218,2.58
"ARCX",10.50,"3/21/2016","4:00pm",-0.11,10.80,10.92,10.43,20027,10.61
"ABIO",3.74,"3/21/2016","3:59pm",-0.04,3.77,3.88,3.74,32019,3.78
"RKDA",2.77,"3/21/2016","4:00pm",+0.13,2.74,2.83,2.65,44720,2.64
"ARCB",23.46,"3/21/2016","4:00pm",+0.03,23.30,23.92,23.23,207388,23.43
"MT",4.39,"3/21/2016","4:01pm",-0.17,4.43,4.49,4.33,12270321,4.56
"ACGL",70.46,"3/21/2016","4:00pm",+0.29,69.93,70.70,68.41,163852,70.17
"ARH^C",N/A,N/A,N/A,N/A,N/A,N/A,N/A,N/A,N/A
"ADM",38.17,"3/21/2016","4:00pm",+0.10,37.85,38.28,37.72,3301971,38.07
"APLP",10.97,"3/21/2016","4:00pm",-0.20,11.17,11.27,10.53,319238,11.17
"AROC",7.02,"3/21/2016","4:02pm",+0.22,6.66,7.15,6.66,772139,6.80
"ARCO",3.53,"3/21/2016","4:00pm",+0.28,3.25,3.53,3.17,1043469,3.25
"ACAT",17.39,"3/21/2016","4:00pm",+0.07,17.16,17.64,16.83,193480,17.32
"ARDX",7.44,"3/21/2016","4:00pm",+0.27,7.14,7.86,7.08,151834,7.17
"ASC",8.53,"3/21/2016","4:02pm",-0.28,8.76,8.76,8.45,161942,8.81
"ARNA",1.78,"3/21/2016","4:00pm",+0.13,1.64,1.82,1.62,3003444,1.65
"AFC",25.592,"3/21/2016","4:00pm",+0.015,25.540,25.690,25.540,6089,25.576
"ARCC",14.32,"3/21/2016","4:00pm",+0.04,14.26,14.43,14.22,882535,14.28
"ARU",25.34,"3/21/2016","3:59pm",-0.12,25.43,25.44,25.31,3471,25.46
"ACRE",10.78,"3/21/2016","4:02pm",+0.22,10.60,10.87,10.57,97654,10.56
"ARDC",13.28,"3/21/2016","4:02pm",+0.06,13.20,13.30,13.20,58263,13.22
"ARES",13.97,"3/21/2016","4:02pm",+0.11,13.94,13.99,13.68,18438,13.86
"AGX",34.48,"3/21/2016","4:01pm",-0.37,34.80,34.97,34.28,113204,34.85
"AGII",57.17,"3/21/2016","4:00pm",+0.07,57.09,57.65,56.67,78064,57.10
"AGIIL",25.42,"3/21/2016","3:59pm",+0.30,25.03,25.43,25.07,17542,25.12
"ARGS",5.20,"3/21/2016","4:00pm",+0.27,5.04,5.24,5.04,84170,4.93
"ARIS",4.28,"3/21/2016","4:00pm",-0.17,4.40,4.40,4.05,19062,4.45
"ARIA",6.47,"3/21/2016","4:00pm",+0.20,6.28,6.56,6.25,2293707,6.27
"ANET",60.80,"3/21/2016","4:01pm",+2.43,58.75,61.33,58.27,1371224,58.37
"ARKR",20.58,"3/21/2016","3:57pm",-0.16,20.45,20.61,20.45,2536,20.74
"AI",13.61,"3/21/2016","4:02pm",+0.02,13.50,13.82,13.50,271877,13.59
"AIC",19.0175,"3/21/2016","1:23pm",+0.1875,19.0600,19.0600,19.0175,1100,18.8300
"AIW",18.821,"3/18/2016","12:25pm",+0.000,N/A,N/A,N/A,70,18.821
"ARMH",43.54,"3/21/2016","4:00pm",-0.13,43.49,43.70,43.43,693812,43.67
"AHH",10.82,"3/21/2016","4:02pm",+0.03,10.83,10.85,10.73,373361,10.79
"AMCO",0.37,"3/21/2016","4:00pm",+0.02,0.35,0.38,0.35,138160,0.35
"ARR",21.31,"3/21/2016","4:00pm",+0.54,21.00,21.33,20.82,645580,20.77
"ARR^A",N/A,N/A,N/A,N/A,N/A,N/A,N/A,N/A,N/A
"ARR^B",N/A,N/A,N/A,N/A,N/A,N/A,N/A,N/A,N/A
"AWI",44.61,"3/21/2016","4:02pm",-0.40,44.90,45.14,44.15,369768,45.01
"ARTX",2.52,"3/21/2016","4:00pm",-0.08,2.58,2.62,2.48,178494,2.60
"ARWA",9.9885,"3/21/2016","11:33am",+0.0385,N/A,9.9890,9.9885,1000,9.9500
"ARWAR",0.33,"3/21/2016","3:59pm",+0.04,0.35,0.35,0.32,640,0.29
"ARWAU",10.13,"3/18/2016","10:08am",+0.00,N/A,N/A,N/A,0,10.13
"ARWAW",0.081,"3/15/2016","9:57am",+0.000,N/A,N/A,N/A,0,0.081
"ARQL",1.53,"3/21/2016","4:00pm",+0.04,1.51,1.63,1.50,297737,1.49
"ARRY",2.82,"3/21/2016","4:00pm",+0.13,2.70,2.86,2.66,1223968,2.69
"HRT",4.10,"3/21/2016","4:01pm",+0.02,4.09,4.10,3.90,1202,4.08
"ARRS",22.68,"3/21/2016","4:00pm",-0.13,22.77,22.80,22.34,4926182,22.81
"DWAT",9.91,"3/21/2016","10:56am",-0.01,9.91,9.92,9.91,5152,9.92
"ARW",63.03,"3/21/2016","4:04pm",-0.13,63.10,63.19,62.61,509131,63.16
"AROW",26.33,"3/21/2016","4:00pm",-0.38,26.78,26.90,26.28,25168,26.71
"ARWR",4.50,"3/21/2016","4:00pm",-0.03,4.48,4.68,4.32,436678,4.53
"ARTNA",26.52,"3/21/2016","4:00pm",-0.44,26.80,26.84,26.17,38823,26.96
"AJG",44.10,"3/21/2016","4:02pm",+0.42,44.12,44.25,43.84,793626,43.68
"APAM",30.13,"3/21/2016","4:02pm",+0.50,29.72,30.20,29.21,416298,29.63
"ARTW",3.06,"3/21/2016","3:40pm",-0.03,N/A,3.12,3.06,1670,3.09
"ASA",10.36,"3/21/2016","4:02pm",+0.04,10.25,10.49,10.25,62151,10.32
"AKG",2.33,"3/21/2016","4:00pm",-0.07,2.31,2.44,2.30,458430,2.40
"ASBB",24.57,"3/21/2016","4:00pm",+0.04,24.58,24.57,24.56,886,24.53
"ABG",61.27,"3/21/2016","4:02pm",+1.42,59.85,61.36,59.85,568048,59.85
"ASNA",10.71,"3/21/2016","4:00pm",-0.14,10.81,11.02,10.60,2205938,10.85
"ASND",17.96,"3/21/2016","3:59pm",+0.30,17.74,17.97,17.74,3906,17.66
"ASCMA",14.40,"3/21/2016","4:00pm",-1.54,15.70,15.91,14.22,154227,15.94
"ASTI",0.0759,"3/21/2016","3:59pm",-0.0002,0.0778,0.0820,0.0698,6933543,0.0761
"AHP",10.50,"3/21/2016","4:02pm",-0.22,10.73,10.79,10.41,69679,10.72
"AHT",6.09,"3/21/2016","4:02pm",-0.14,6.25,6.29,6.03,627086,6.23
"AHT^A",N/A,N/A,N/A,N/A,N/A,N/A,N/A,N/A,N/A
"AHT^D",N/A,N/A,N/A,N/A,N/A,N/A,N/A,N/A,N/A
"AHT^E",N/A,N/A,N/A,N/A,N/A,N/A,N/A,N/A,N/A
"AINC",41.65,"3/21/2016","4:00pm",-0.86,41.84,41.84,40.00,3963,42.51
"ASH",108.20,"3/21/2016","4:02pm",+1.34,106.88,108.42,106.88,598054,106.86
"APB",9.58,"3/21/2016","4:00pm",+0.00,9.58,9.60,9.58,3017,9.58
"APWC",1.67,"3/16/2016","3:45pm",+0.00,N/A,N/A,N/A,0,1.67
"GRR",9.15,"3/21/2016","4:02pm",+0.03,9.11,9.16,9.09,3868,9.12
"ASML",97.82,"3/21/2016","4:00pm",-0.16,97.46,97.96,97.23,567598,97.98
"ASPN",4.73,"3/21/2016","4:03pm",+0.16,4.72,5.05,4.55,101137,4.57
"AHL",47.35,"3/21/2016","4:00pm",+0.42,46.95,47.46,46.76,220119,46.93
"AHL^A",N/A,N/A,N/A,N/A,N/A,N/A,N/A,N/A,N/A
"AHL^B",N/A,N/A,N/A,N/A,N/A,N/A,N/A,N/A,N/A
"AHL^C",N/A,N/A,N/A,N/A,N/A,N/A,N/A,N/A,N/A
"AZPN",35.56,"3/21/2016","4:00pm",-0.57,35.93,36.11,35.11,1299806,36.13
"ASMB",5.57,"3/21/2016","4:00pm",-0.03,5.57,5.95,5.29,20645,5.60
"ASB",18.33,"3/21/2016","4:01pm",-0.18,18.48,18.58,18.05,1917440,18.51
"ASB.WS",N/A,N/A,N/A,N/A,N/A,N/A,N/A,N/A,N/A
"ASB^B",N/A,N/A,N/A,N/A,N/A,N/A,N/A,N/A,N/A
"ASB^C",N/A,N/A,N/A,N/A,N/A,N/A,N/A,N/A,N/A
"AC",28.17,"3/21/2016","4:01pm",+0.00,28.18,28.33,27.98,6609,28.17
"AIZ",78.33,"3/21/2016","4:02pm",+0.31,78.02,78.88,77.99,545320,78.02
"AGO",26.06,"3/21/2016","4:02pm",-0.01,26.08,26.24,25.86,741172,26.07
"AGO^B",N/A,N/A,N/A,N/A,N/A,N/A,N/A,N/A,N/A
"AGO^E",N/A,N/A,N/A,N/A,N/A,N/A,N/A,N/A,N/A
"AGO^F",N/A,N/A,N/A,N/A,N/A,N/A,N/A,N/A,N/A
"ASFI",9.10,"3/21/2016","3:59pm",+0.10,9.08,9.25,9.00,11862,9.00
"ASTE",46.53,"3/21/2016","4:00pm",-0.08,46.48,46.83,45.76,191822,46.61
"AST",5.23,"3/21/2016","4:01pm",+0.15,5.06,5.34,5.06,151678,5.08
"AF",15.55,"3/21/2016","4:02pm",+0.25,15.32,15.63,15.24,438277,15.30
"AF^C",N/A,N/A,N/A,N/A,N/A,N/A,N/A,N/A,N/A
"AZN",28.40,"3/21/2016","4:03pm",-0.08,28.28,28.47,28.28,3741547,28.48
"ALOT",14.36,"3/21/2016","4:00pm",-0.30,14.65,14.66,14.30,1710,14.66
"ATRO",37.91,"3/21/2016","4:00pm",-0.40,38.26,38.67,37.76,145315,38.31
"ASTC",1.95,"3/21/2016","4:00pm",+0.07,1.86,1.95,1.86,50603,1.88
"ASUR",5.60,"3/21/2016","3:54pm",-0.00,5.45,5.61,5.47,10132,5.60
"T",38.92,"3/21/2016","4:00pm",+0.36,38.66,39.07,38.56,20679403,38.56
"ATAI",5.1389,"3/21/2016","3:59pm",-0.1811,5.0900,5.3400,4.9500,1132332,5.3200
"ATRA",17.63,"3/21/2016","4:00pm",+0.77,16.64,18.54,16.16,208795,16.86
"ATTO",7.60,"3/21/2016","4:02pm",+0.41,7.02,7.60,7.02,193539,7.19
"ATHN",134.62,"3/21/2016","4:00pm",+0.44,134.06,135.14,133.24,319380,134.18
"ATHX",2.40,"3/21/2016","4:00pm",-0.03,2.45,2.48,2.38,831220,2.43
"AAPC",10.41,"3/21/2016","3:36pm",+0.04,10.21,10.41,10.24,241,10.37
"AAME",4.21,"3/21/2016","3:23pm",-0.17,4.35,4.34,3.99,13418,4.38
"ACBI",13.96,"3/21/2016","4:00pm",+0.27,13.70,14.00,13.53,57242,13.69
"ACFC",5.85,"3/21/2016","3:59pm",-0.02,5.85,5.85,5.85,2031,5.87
"AT",2.32,"3/21/2016","4:02pm",+0.11,2.22,2.35,2.17,1017453,2.21
"ATNI",72.52,"3/21/2016","4:00pm",-0.16,72.52,73.44,70.95,140281,72.68
"ATLC",3.16,"3/21/2016","3:58pm",+0.01,3.15,3.16,3.15,706,3.15
"AAWW",42.96,"3/21/2016","4:00pm",+0.76,42.08,43.44,41.93,293854,42.20
"ATLS",0.49,"3/21/2016","3:59pm",+0.00,0.56,0.65,0.38,973009,N/A
"AFH",17.77,"3/21/2016","4:00pm",-0.34,18.04,18.10,17.72,35930,18.11
"ARP",0.7866,"3/21/2016","4:00pm",-0.0534,0.8600,0.8766,0.7510,827957,0.8400
"ARP^D",N/A,N/A,N/A,N/A,N/A,N/A,N/A,N/A,N/A
"ARP^E",N/A,N/A,N/A,N/A,N/A,N/A,N/A,N/A,N/A
"TEAM",23.92,"3/21/2016","4:00pm",+0.68,23.40,24.27,23.07,317024,23.24
"ATML",8.115,"3/21/2016","4:00pm",-0.005,8.110,8.120,8.110,823666,8.120
"ATO",71.32,"3/21/2016","4:01pm",-0.76,71.81,72.00,71.00,592950,72.08
"ATOS",0.33,"3/21/2016","3:59pm",-0.02,0.35,0.37,0.32,517840,0.35
"ATRC",16.99,"3/21/2016","4:00pm",-0.16,17.12,17.38,16.95,123241,17.15
"ATRI",384.70,"3/21/2016","4:00pm",-4.84,390.82,390.82,384.70,1672,389.54
"ATTU",7.57,"3/21/2016","4:00pm",-0.09,7.77,7.85,7.46,22841,7.66
"ATW",9.75,"3/21/2016","4:02pm",+0.40,9.56,9.80,9.26,3709945,9.35
"LIFE",5.71,"3/21/2016","4:00pm",+0.41,5.52,6.01,5.52,182862,5.30
"AUO",3.02,"3/21/2016","4:02pm",+0.01,3.01,3.04,3.01,358431,3.01
"AUBN",27.0501,"3/21/2016","3:52pm",+0.7521,26.9600,27.1200,26.9600,1876,26.2980
"AUDC",4.54,"3/21/2016","3:55pm",+0.06,4.49,4.61,4.49,28249,4.48
"AUPH",3.10,"3/21/2016","4:00pm",+0.06,3.15,3.25,3.05,61721,3.04
"EARS",3.82,"3/21/2016","4:00pm",+0.07,3.78,3.92,3.70,69020,3.75
"ABTL",17.57,"3/21/2016","4:00pm",-0.89,18.27,18.90,17.50,137810,18.46
"ADSK",58.17,"3/21/2016","4:00pm",+0.36,57.69,58.22,57.07,1384741,57.81
"ATHM",28.30,"3/21/2016","4:00pm",+0.09,28.26,29.08,27.78,820982,28.21
"ALV",113.60,"3/21/2016","4:02pm",+0.78,113.55,113.91,112.71,188703,112.82
"ADP",89.01,"3/21/2016","4:00pm",+0.37,88.21,89.33,88.14,1575212,88.64
"AN",49.16,"3/21/2016","4:00pm",+0.65,48.48,49.29,48.42,1648540,48.51
"AZO",786.58,"3/21/2016","4:02pm",+6.37,779.08,787.32,779.08,143244,780.21
"AAVL",5.38,"3/21/2016","4:00pm",+0.17,5.17,5.47,5.03,269073,5.21
"AWX",1.78,"3/21/2016","11:01am",+0.01,1.80,1.80,1.77,455,1.77
"AVB",185.03,"3/21/2016","4:03pm",-2.01,187.04,187.66,184.27,653984,187.04
"AGR",40.17,"3/21/2016","4:00pm",-0.29,39.90,40.69,39.61,508416,40.46
"AVNU",19.14,"3/21/2016","4:00pm",-0.30,19.35,19.45,18.99,14092,19.44
"ACP",10.95,"3/21/2016","4:02pm",+0.03,10.99,11.04,10.91,83010,10.92
"AVEO",0.94,"3/21/2016","4:00pm",+0.01,0.93,1.00,0.93,156331,0.93
"AVY",70.97,"3/21/2016","4:04pm",+0.51,70.46,71.06,70.46,783462,70.46
"AVXS",24.03,"3/21/2016","4:00pm",-0.44,24.40,27.24,23.18,79043,24.47
"AVG",19.88,"3/21/2016","4:02pm",+0.09,19.75,20.03,19.75,214676,19.79
"AVH",5.41,"3/21/2016","4:00pm",+0.49,4.94,5.44,4.94,119434,4.92
"AVNW",0.67,"3/21/2016","3:58pm",+0.01,0.66,0.67,0.65,31211,0.66
"AVID",6.89,"3/21/2016","4:00pm",-0.18,7.00,7.02,6.66,355647,7.07
"AVGR",8.51,"3/21/2016","4:00pm",-0.56,9.05,9.05,8.38,121867,9.07
"ASM",1.05,"3/21/2016","4:00pm",-0.02,1.07,1.10,1.03,112845,1.07
"CAR",29.00,"3/21/2016","4:00pm",+0.01,28.89,29.46,28.16,1641736,28.99
"AVA",39.90,"3/21/2016","4:02pm",+0.29,39.27,39.96,39.11,512667,39.61
"AV",13.70,"3/21/2016","4:02pm",-0.40,13.68,13.73,13.59,487625,14.10
"AVV",26.62,"3/21/2016","4:00pm",-0.09,26.72,26.76,26.62,14198,26.71
"AVT",44.00,"3/21/2016","4:02pm",+0.12,43.85,44.09,43.60,518045,43.88
"AVP",4.73,"3/21/2016","4:00pm",-0.06,4.80,4.97,4.58,14049903,4.79
"AVX",12.53,"3/21/2016","4:02pm",-0.10,12.60,12.62,12.44,118889,12.63
"AWRE",3.88,"3/21/2016","3:59pm",+0.00,3.91,3.98,3.88,1612,3.88
"AXTA",28.61,"3/21/2016","4:02pm",+0.29,29.09,29.51,28.56,2700117,28.32
"ACLS",2.81,"3/21/2016","4:00pm",-0.04,2.83,2.90,2.81,389845,2.85
"AXLL",21.95,"3/21/2016","4:00pm",-0.40,22.41,22.60,21.94,860397,22.51
"AXS",55.05,"3/21/2016","4:00pm",+0.03,55.01,55.40,54.41,428132,55.02
"AXS^C",N/A,N/A,N/A,N/A,N/A,N/A,N/A,N/A,N/A
"AXS^D",N/A,N/A,N/A,N/A,N/A,N/A,N/A,N/A,N/A
"AXGN",5.22,"3/21/2016","4:00pm",-0.08,5.26,5.29,5.10,65249,5.30
"AXSM",8.70,"3/21/2016","4:00pm",+0.16,8.46,9.00,8.46,16292,8.54
"AXTI",2.54,"3/21/2016","4:00pm",-0.03,2.55,2.70,2.50,3347,2.57
"AZUR",1.52,"3/21/2016","4:02pm",-0.01,1.60,1.60,1.50,77539,1.53
"AZZ",56.80,"3/21/2016","4:02pm",+0.21,56.53,57.62,56.23,73307,56.59
